Size,Threads,Median Seq,Mean Seq,Stdev Seq,Median Par,Mean Par,Stdev Par,Speedup,Efficiency
2000,4,4.0075,4.0075,0.80539,1.9255,1.9255,0.66963,2.08128,0.52032
2000,8,4.0075,4.0075,0.80539,2.0105,2.0105,0.78984,1.99329,0.24916
2000,10,4.0075,4.0075,0.80539,2.0345,2.0345,0.87186,1.96977,0.19698
3000,4,16.033,16.033,1.82434,9.7355,9.7355,2.17718,1.64686,0.41171
3000,8,16.033,16.033,1.82434,10.6585,10.6585,3.32552,1.50425,0.18803
3000,10,16.033,16.033,1.82434,12.869,12.869,0.10041,1.24586,0.12459
4000,4,41.313,41.313,0.08344,27.048,27.048,0.10748,1.5274,0.38185
4000,8,41.313,41.313,0.08344,31.1875,31.1875,0.48013,1.32467,0.16558
4000,10,41.313,41.313,0.08344,31.2645,31.2645,0.04172,1.3214,0.13214
